{
  "basic_xgb": {
    "RMSE": 17.053415059996254,
    "MAE": 14.157659267664753,
    "MAPE": 68.45806770224434
  },
  "basic_rf": {
    "RMSE": 18.98347601908999,
    "MAE": 15.48890504989133,
    "MAPE": 85.22368480735723
  },
  "full_xgb": {
    "RMSE": 15.248687708978393,
    "MAE": 13.35177991251779,
    "MAPE": 73.2590709105272
  },
  "full_rf": {
    "RMSE": 17.34035450224767,
    "MAE": 14.609061427335355,
    "MAPE": 87.36714799689277
  },
  "xgb_rmse_improvement_pct": 10.582791450677668,
  "rf_rmse_improvement_pct": 8.65553555729193,
  "xgb_mae_improvement_pct": 5.692179334952238,
  "rf_mae_improvement_pct": 5.680476571596952
}